Filename,"SHA1 Hash"
external/esapiport/2013-12-04/esapiport-2013-12-04.jar,62fcb92b88df9964b5cb7c91d90c26b12ab5fbd1
external/esapiport/2013-12-04/esapiport-2013-12-04.pom,9490303ff95035dc76985f3bdd63781d58410391
external/jaxrpc-impl/1.1.3_01-041406/jaxrpc-impl-1.1.3_01-041406.jar,4e4a3a50a6180e94c497fb47094931c78b7685e8
external/jaxrpc-impl/1.1.3_01-041406/jaxrpc-impl-1.1.3_01-041406.pom,d5993e2ce85fd3eda79f7d315fa5ea6c5e9c2d93
external/jdmktk/2007-01-10/jdmktk-2007-01-10.jar,2b0ed2509951ed31a956bdadcf2e3983482c0062
external/jdmktk/2007-01-10/jdmktk-2007-01-10.pom,8292c57027fa259ecda470959d2b1cb0ac831468
external/jss4/2007-08-11/jss4-2007-08-11.jar,4849a7aade636dac8087bb642d8ba5dabbb30790
external/jss4/2007-08-11/jss4-2007-08-11.pom,e84165f8dbf9870f25aec4d1e98beba255e27334
org/forgerock/cddl-license/1.0.0/cddl-license-1.0.0.txt,189e612ebe1740ee310e421cca659db29a46825f
org/forgerock/commons/api-descriptor/21.0.0-alpha-17/api-descriptor-21.0.0-alpha-17.jar,9179b7deca02cfd3ff54b34c3319fefddabfd132
org/forgerock/commons/api-descriptor/21.0.0-alpha-17/api-descriptor-21.0.0-alpha-17.pom,277f8c0d778bd69a25f683e856637067a3104990
org/forgerock/commons/api-descriptor/21.0.0-alpha-23/api-descriptor-21.0.0-alpha-23.jar,6ed154eec412a49c26b921aefb3e5c9c003ceb20
org/forgerock/commons/api-descriptor/21.0.0-alpha-23/api-descriptor-21.0.0-alpha-23.pom,c8dc460f8ee538ebea909b59c3a507f0cd283c07
org/forgerock/commons/authz-framework/3.1.5/authz-framework-3.1.5-sources.jar,39442e0e1036bdb48c2176cd1c55a7c0b614311c
org/forgerock/commons/authz-framework-api/3.1.5/authz-framework-api-3.1.5-sources.jar,14027cdb510a49c1832163bef63b014ce237cadd
org/forgerock/commons/commons-bom/21.0.0-alpha-17/commons-bom-21.0.0-alpha-17.pom,1cc350817f2908580b4f44ed96b190d5ef666935
org/forgerock/commons/commons-bom/21.0.0-alpha-23/commons-bom-21.0.0-alpha-23.pom,91367d79ea2feb34a16c2c82340b71309932897f
org/forgerock/commons/commons-parent/21.0.0-alpha-17/commons-parent-21.0.0-alpha-17.pom,ddd40a05e9dd48f56805a1b2a4f02b37c6854f65
org/forgerock/commons/commons-parent/21.0.0-alpha-23/commons-parent-21.0.0-alpha-23.pom,702158d679bd52d082e59e7bf026021576121513
org/forgerock/commons/forgerock-audit/21.0.0-alpha-17/forgerock-audit-21.0.0-alpha-17.pom,88102e80d2e7660a43b6077d87da7136f426c466
org/forgerock/commons/forgerock-audit/21.0.0-alpha-23/forgerock-audit-21.0.0-alpha-23.pom,a8fade8e49c00b2a62df41a5441a9d9eafda0301
org/forgerock/commons/forgerock-audit-core/21.0.0-alpha-17/forgerock-audit-core-21.0.0-alpha-17.jar,82a596fe8d4a012a12202735c3794782c1a98873
org/forgerock/commons/forgerock-audit-core/21.0.0-alpha-17/forgerock-audit-core-21.0.0-alpha-17.pom,7ad6ae7bc4e8bc8a01503b6831d84a458def1f97
org/forgerock/commons/forgerock-audit-core/21.0.0-alpha-23/forgerock-audit-core-21.0.0-alpha-23.jar,4398744154b0ecad0fbeb8e11af9bb7cf309c5fd
org/forgerock/commons/forgerock-audit-core/21.0.0-alpha-23/forgerock-audit-core-21.0.0-alpha-23.pom,0a2e893b01f3f31f217f6fd666b24bde45ce774e
org/forgerock/commons/forgerock-audit-core/4.1.1/forgerock-audit-core-4.1.1-sources.jar,0604285895ab57107558ebd7f159cc72be881aed
org/forgerock/commons/forgerock-audit-handler-csv/21.0.0-alpha-17/forgerock-audit-handler-csv-21.0.0-alpha-17.jar,b296f4f285f8f61bfd163498986a3c66be5c2a59
org/forgerock/commons/forgerock-audit-handler-csv/21.0.0-alpha-17/forgerock-audit-handler-csv-21.0.0-alpha-17.pom,448b428ce164cfaccbaf5eca1c5a11c18aa86317
org/forgerock/commons/forgerock-audit-handler-csv/21.0.0-alpha-23/forgerock-audit-handler-csv-21.0.0-alpha-23.jar,08147209c9c7a9949e24c6dac02cf50743b5a08b
org/forgerock/commons/forgerock-audit-handler-csv/21.0.0-alpha-23/forgerock-audit-handler-csv-21.0.0-alpha-23.pom,8930e9d0997c47e1cd7afc1afd4813251663c477
org/forgerock/commons/forgerock-audit-handler-csv/4.1.1/forgerock-audit-handler-csv-4.1.1-sources.jar,32b8eb8459589e13607b2b574744fb3a1df6d044
org/forgerock/commons/forgerock-audit-handler-elasticsearch/21.0.0-alpha-17/forgerock-audit-handler-elasticsearch-21.0.0-alpha-17.jar,fc115edb8ddd97089cb14ba8c6bfa943c6bdcbaa
org/forgerock/commons/forgerock-audit-handler-elasticsearch/21.0.0-alpha-17/forgerock-audit-handler-elasticsearch-21.0.0-alpha-17.pom,a6636a5860c2e57c21736ef5cb181e552d764659
org/forgerock/commons/forgerock-audit-handler-elasticsearch/21.0.0-alpha-23/forgerock-audit-handler-elasticsearch-21.0.0-alpha-23.jar,eb5a2212a82680f3c4803c9172b026783376323e
org/forgerock/commons/forgerock-audit-handler-elasticsearch/21.0.0-alpha-23/forgerock-audit-handler-elasticsearch-21.0.0-alpha-23.pom,67147299c48a4639a2a76ec640f476c58bfeb188
org/forgerock/commons/forgerock-audit-handler-jdbc/21.0.0-alpha-17/forgerock-audit-handler-jdbc-21.0.0-alpha-17.jar,5c837f272d1ae3969b2c0681b8ac551930099c62
org/forgerock/commons/forgerock-audit-handler-jdbc/21.0.0-alpha-17/forgerock-audit-handler-jdbc-21.0.0-alpha-17.pom,8629b979429b56ae3c610c001e6cb39021b41673
org/forgerock/commons/forgerock-audit-handler-jdbc/21.0.0-alpha-23/forgerock-audit-handler-jdbc-21.0.0-alpha-23.jar,73f2576cd9e267cf1cdc568d358b9c64e2351b4e
org/forgerock/commons/forgerock-audit-handler-jdbc/21.0.0-alpha-23/forgerock-audit-handler-jdbc-21.0.0-alpha-23.pom,90c01ce66170a50fb219231f8d30de1ce1300132
org/forgerock/commons/forgerock-audit-handler-jdbc/4.1.1/forgerock-audit-handler-jdbc-4.1.1-sources.jar,adee7600e1e53c416929ac0fa44946af836181a4
org/forgerock/commons/forgerock-audit-handler-jms/21.0.0-alpha-17/forgerock-audit-handler-jms-21.0.0-alpha-17.jar,4f496178f2defbbb6ff1a84f8da0ed4acb2505fc
org/forgerock/commons/forgerock-audit-handler-jms/21.0.0-alpha-17/forgerock-audit-handler-jms-21.0.0-alpha-17.pom,0b9896df1b2d311bc0ddc96e3b065a574cada71f
org/forgerock/commons/forgerock-audit-handler-json/21.0.0-alpha-17/forgerock-audit-handler-json-21.0.0-alpha-17.jar,190b81f704a1f698da3773c254871c5cffff88e0
org/forgerock/commons/forgerock-audit-handler-json/21.0.0-alpha-17/forgerock-audit-handler-json-21.0.0-alpha-17.pom,7ba597b7767101872d33c44aec49d2f2b2061075
org/forgerock/commons/forgerock-audit-handler-splunk/21.0.0-alpha-17/forgerock-audit-handler-splunk-21.0.0-alpha-17.jar,249ee5602b846a4cd9b0518526a1d04e63d6ae41
org/forgerock/commons/forgerock-audit-handler-splunk/21.0.0-alpha-17/forgerock-audit-handler-splunk-21.0.0-alpha-17.pom,e1e2151a5aad587a2ff8101c84f81b34c63f5c40
org/forgerock/commons/forgerock-audit-handler-syslog/21.0.0-alpha-17/forgerock-audit-handler-syslog-21.0.0-alpha-17.jar,e46b6f48ead892ca6f069cbf6e97aede5006f001
org/forgerock/commons/forgerock-audit-handler-syslog/21.0.0-alpha-17/forgerock-audit-handler-syslog-21.0.0-alpha-17.pom,bb154401c909b48953473e1903ad80335d0014d1
org/forgerock/commons/forgerock-audit-handler-syslog/21.0.0-alpha-23/forgerock-audit-handler-syslog-21.0.0-alpha-23.jar,567bcfdacf96f681bbe8fc2e0488022c6e86410c
org/forgerock/commons/forgerock-audit-handler-syslog/21.0.0-alpha-23/forgerock-audit-handler-syslog-21.0.0-alpha-23.pom,fe1b46bfc2dc59618aa1f805f1fd99037e30b643
org/forgerock/commons/forgerock-audit-handler-syslog/4.1.1/forgerock-audit-handler-syslog-4.1.1-sources.jar,7e16e9a3c90b66849696b7c49ec5b9252d42c677
org/forgerock/commons/forgerock-audit-json/21.0.0-alpha-17/forgerock-audit-json-21.0.0-alpha-17.jar,0b753c1709a856f9fb18be990fa069575ca5c18a
org/forgerock/commons/forgerock-audit-json/21.0.0-alpha-17/forgerock-audit-json-21.0.0-alpha-17.pom,bfdf48cb9e4f3f07101d958f3b282582042e3da4
org/forgerock/commons/forgerock-audit-json/21.0.0-alpha-23/forgerock-audit-json-21.0.0-alpha-23.jar,8185c43ec177840b82392dff83d2233bd5180bab
org/forgerock/commons/forgerock-audit-json/21.0.0-alpha-23/forgerock-audit-json-21.0.0-alpha-23.pom,6896e29283393fbd026aa4db1791725e1af4ee6d
org/forgerock/commons/forgerock-audit-json/4.1.1/forgerock-audit-json-4.1.1-sources.jar,78c2f6a03632a78766744e55a1b3fae95342fc4c
org/forgerock/commons/forgerock-guice-core/1.1.0/forgerock-guice-core-1.1.0-sources.jar,5d167d54ceac8b569ba863fefec0889ac73b0462
org/forgerock/commons/forgerock-jaspi-jwt-session-module/3.1.5/forgerock-jaspi-jwt-session-module-3.1.5-sources.jar,2b87b9fc41476abef82603b915d446b66eea0639
org/forgerock/commons/forgerock-jaspi-runtime/3.1.5/forgerock-jaspi-runtime-3.1.5-sources.jar,cd26662ed6fae2262addbcf42b6b2e14c9c31be6
org/forgerock/commons/forgerock-launcher/1.2.0/forgerock-launcher-1.2.0.pom,df62cdc6049363b001c38f834dba1ec3aab11e7b
org/forgerock/commons/forgerock-launcher/1.2.2/forgerock-launcher-1.2.2.pom,8cd57a5ddbfea25e8d40d0974bf56eeed55f7573
org/forgerock/commons/forgerock-persistit-core/4.3.1/forgerock-persistit-core-4.3.1-sources.jar,6a9c63a306b741c5c179be2c5c823ed81b9061db
org/forgerock/commons/forgerock-rest/21.0.0-alpha-17/forgerock-rest-21.0.0-alpha-17.pom,a65a6bce5e2750fece7a210f2e3380b080395366
org/forgerock/commons/forgerock-rest/21.0.0-alpha-23/forgerock-rest-21.0.0-alpha-23.pom,470ea68662b53da864904c1e75992af0ca59efec
org/forgerock/commons/forgerock-script/3.0.2/forgerock-script-3.0.2.pom,0564281cb9cd1420d610d2e4a2079097bb3eca6a
org/forgerock/commons/forgerock-test-utils/21.0.0-alpha-23/forgerock-test-utils-21.0.0-alpha-23.jar,6b1c5fe07eace173affd5d9cad32c0e5bc8c5462
org/forgerock/commons/forgerock-test-utils/21.0.0-alpha-23/forgerock-test-utils-21.0.0-alpha-23.pom,d24503fded3c0609d4a43ad0e33e0ddfde8a66da
org/forgerock/commons/forgerock-test-utils/3.0.2/forgerock-test-utils-3.0.2-sources.jar,32dca8a3d80a7c1dcafa0cce2eb1f07b31d4f6a5
org/forgerock/commons/forgerock-util/21.0.0-alpha-17/forgerock-util-21.0.0-alpha-17.jar,86111c1346c507500f078d5d3457d05867920e35
org/forgerock/commons/forgerock-util/21.0.0-alpha-17/forgerock-util-21.0.0-alpha-17.pom,282ba268cc9b848be7d9f7785b78671241f5a843
org/forgerock/commons/forgerock-util/21.0.0-alpha-23/forgerock-util-21.0.0-alpha-23.jar,fe9f88e1685f41019aab9aafa2862b1e4e181acd
org/forgerock/commons/forgerock-util/21.0.0-alpha-23/forgerock-util-21.0.0-alpha-23.pom,4c7010947db09480e7f5d5535a3445981c0b5ebb
org/forgerock/commons/forgerock-util/3.0.2/forgerock-util-3.0.2-sources.jar,34ea179951fa3c4f4393f6933a4d132766a5e410
org/forgerock/commons/forgerock-utilities/21.0.0-alpha-17/forgerock-utilities-21.0.0-alpha-17.pom,afac8ee6907c52f9119e91dcdce0497e6c8d4c91
org/forgerock/commons/forgerock-utilities/21.0.0-alpha-23/forgerock-utilities-21.0.0-alpha-23.pom,0473101555b526cfdac7ed7ccc49cf9dac80ee89
org/forgerock/commons/guava/forgerock-guava/18.0.4/forgerock-guava-18.0.4.pom,b8bdbbc0cc0cb58a4a2a3cfd366787ca6dc202b7
org/forgerock/commons/guava/forgerock-guava-annotations/18.0.3/forgerock-guava-annotations-18.0.3-sources.jar,bc4d0e23e675928dd1caa3b848257c75dadec309
org/forgerock/commons/guava/forgerock-guava-annotations/18.0.4/forgerock-guava-annotations-18.0.4.jar,fdc60ad3d8bcbc7847cbc466e926f26d00ccbd8d
org/forgerock/commons/guava/forgerock-guava-annotations/18.0.4/forgerock-guava-annotations-18.0.4.pom,5bbe09d300c026e1e0941c0663c310c07dbd7190
org/forgerock/commons/guava/forgerock-guava-base/18.0.3/forgerock-guava-base-18.0.3-sources.jar,9328477ecec97912a80502aec67870e1692f7c93
org/forgerock/commons/guava/forgerock-guava-base/18.0.4/forgerock-guava-base-18.0.4.jar,f4ecc4ff144adbb34b97ccc4073c8b61236a2734
org/forgerock/commons/guava/forgerock-guava-base/18.0.4/forgerock-guava-base-18.0.4.pom,99fb7ab75f27bd79d76c2390d457774d71b1f2f5
org/forgerock/commons/guava/forgerock-guava-cache/18.0.3/forgerock-guava-cache-18.0.3-sources.jar,97ce615409561016051d9e154f923c8e71de9d2c
org/forgerock/commons/guava/forgerock-guava-cache/18.0.4/forgerock-guava-cache-18.0.4.jar,db8ffd20267228618d0021dba17410f72cc655c1
org/forgerock/commons/guava/forgerock-guava-cache/18.0.4/forgerock-guava-cache-18.0.4.pom,8d0e4a2b1602bb0b699a9439b8faa94932b4812b
org/forgerock/commons/guava/forgerock-guava-collect/18.0.3/forgerock-guava-collect-18.0.3-sources.jar,fefb7d06951b29c4489f5c9f01361c9a9b4b39a6
org/forgerock/commons/guava/forgerock-guava-collect/18.0.4/forgerock-guava-collect-18.0.4.jar,f6b8af8fbdd4f137bdd25e559a8cc43a6cb3cfc5
org/forgerock/commons/guava/forgerock-guava-collect/18.0.4/forgerock-guava-collect-18.0.4.pom,a4c33e33f8493fae1a35ca14f4fa8f66dff7d27e
org/forgerock/commons/guava/forgerock-guava-concurrent/18.0.3/forgerock-guava-concurrent-18.0.3-sources.jar,14fc02b2a87004df51685ce28835069b38e2c235
org/forgerock/commons/guava/forgerock-guava-concurrent/18.0.4/forgerock-guava-concurrent-18.0.4.jar,ef7c006214692996097b6626ddc5ad91b32a7824
org/forgerock/commons/guava/forgerock-guava-concurrent/18.0.4/forgerock-guava-concurrent-18.0.4.pom,047b6e28fb917d75b76bb06d6cf918d8de501ec1
org/forgerock/commons/guava/forgerock-guava-escape/18.0.3/forgerock-guava-escape-18.0.3-sources.jar,2d7d611881bcc1ab9be0b0eae9266a5f120ffdc6
org/forgerock/commons/guava/forgerock-guava-hash/18.0.3/forgerock-guava-hash-18.0.3-sources.jar,d23f74c4efa4e98b9da0a1ca708a17522245aa97
org/forgerock/commons/guava/forgerock-guava-io/18.0.3/forgerock-guava-io-18.0.3-sources.jar,d1183ec62e6b4cd5c7b18fb4225999099ecfb47b
org/forgerock/commons/guava/forgerock-guava-math/18.0.3/forgerock-guava-math-18.0.3-sources.jar,224f21377864b93fcd289dc9ff095c5827e9459d
org/forgerock/commons/guava/forgerock-guava-math/18.0.4/forgerock-guava-math-18.0.4.jar,53b29f01c627b3af67da79a0d59517932f6cfbf4
org/forgerock/commons/guava/forgerock-guava-math/18.0.4/forgerock-guava-math-18.0.4.pom,e4ede15a4507c32fdbc9795999dd86fd843bacf3
org/forgerock/commons/guava/forgerock-guava-net/18.0.3/forgerock-guava-net-18.0.3-sources.jar,980b6e61970effa65d1496132c74090fddc0c1f1
org/forgerock/commons/guava/forgerock-guava-primitives/18.0.3/forgerock-guava-primitives-18.0.3-sources.jar,36d1c296b83a82693b03027edb2f95de5bf653a9
org/forgerock/commons/guava/forgerock-guava-primitives/18.0.4/forgerock-guava-primitives-18.0.4.jar,e9f2f1e0c05725c81fc4ed9d233607f0a38c1877
org/forgerock/commons/guava/forgerock-guava-primitives/18.0.4/forgerock-guava-primitives-18.0.4.pom,3a1db664399d9d6989a65aadaeaa05ee3fa371fd
org/forgerock/commons/json-crypto/21.0.0-alpha-17/json-crypto-21.0.0-alpha-17.pom,b57e59776ea69f963fb91f62dd3b8d9e006b434c
org/forgerock/commons/json-crypto/3.0.2/json-crypto-3.0.2.pom,af6acab4d4ffd72518470525060a64e9896bb24f
org/forgerock/commons/json-crypto-core/21.0.0-alpha-17/json-crypto-core-21.0.0-alpha-17.jar,0f0cefd15d81e462a46b97ef9273ac6030307968
org/forgerock/commons/json-crypto-core/21.0.0-alpha-17/json-crypto-core-21.0.0-alpha-17.pom,21c225eda92cd21d34925b27547492fbb6ad66c3
org/forgerock/commons/json-crypto-core/3.0.2/json-crypto-core-3.0.2.jar,b6db81c939d0840e6c879e9d073fb6d0740b660d
org/forgerock/commons/json-crypto-core/3.0.2/json-crypto-core-3.0.2.pom,63ce71792d6b8933bf4080a270024eebb2f1d971
org/forgerock/commons/json-patch/3.0.2/json-patch-3.0.2.jar,094e3142907c111af5aa429df9cf0383fade10a5
org/forgerock/commons/json-patch/3.0.2/json-patch-3.0.2.pom,d4642d5c6f4908c6a54144d96767438347c77be7
org/forgerock/commons/json-resource/21.0.0-alpha-17/json-resource-21.0.0-alpha-17.jar,3eb98ce8c8bc4228ed8438719e9be172f84e5076
org/forgerock/commons/json-resource/21.0.0-alpha-17/json-resource-21.0.0-alpha-17.pom,0c14243861ed7f801f6faab5b5a4d938ba284d76
org/forgerock/commons/json-resource/21.0.0-alpha-23/json-resource-21.0.0-alpha-23.jar,58309def360ab7e36d410484bd40e00256f3aede
org/forgerock/commons/json-resource/21.0.0-alpha-23/json-resource-21.0.0-alpha-23.pom,44bc621d41356cac8770fcf16ac1d45d4f652eff
org/forgerock/commons/json-resource/4.0.3/json-resource-4.0.3-sources.jar,15b8495dcb32e9b101831cca6e8e82e0b6ba7558
org/forgerock/commons/json-resource-http/21.0.0-alpha-17/json-resource-http-21.0.0-alpha-17.jar,ae6f2c9cd430758d963abbf94cfd166f0a7f40b0
org/forgerock/commons/json-resource-http/21.0.0-alpha-17/json-resource-http-21.0.0-alpha-17.pom,d3c2034a1d263d9a27ed0429746baa66257e52ff
org/forgerock/commons/json-resource-http/21.0.0-alpha-23/json-resource-http-21.0.0-alpha-23.jar,c472ad25c496aa6b012367654c0aff51f403b022
org/forgerock/commons/json-resource-http/21.0.0-alpha-23/json-resource-http-21.0.0-alpha-23.pom,3c8f6eb3ce40e1f643a80a4abd8731e8c521d4c1
org/forgerock/commons/json-resource-http/4.0.3/json-resource-http-4.0.3-sources.jar,44a795c5a37e12760c4a8b2b731f074693357223
org/forgerock/commons/json-schema/3.0.2/json-schema-3.0.2.pom,e7fdf896f16b8cf96e365ef62650ab0a8b3e16cf
org/forgerock/commons/json-schema-core/3.0.2/json-schema-core-3.0.2.jar,f2fb4dc388a60e13fca15d322dfbe976c8b9df04
org/forgerock/commons/json-schema-core/3.0.2/json-schema-core-3.0.2.pom,cb3d968a82766deb066a800f80718403699d8de3
org/forgerock/commons/json-web-token/21.0.0-alpha-17/json-web-token-21.0.0-alpha-17.jar,ab173c38abf7a321fa547347d81c6d7f08b33531
org/forgerock/commons/json-web-token/21.0.0-alpha-17/json-web-token-21.0.0-alpha-17.pom,9d2d46e93d5de7787358441e06d0a53bca24db2b
org/forgerock/commons/json-web-token/21.0.0-alpha-23/json-web-token-21.0.0-alpha-23.jar,f7d578c2dec59c406da66a53b7f7820409638920
org/forgerock/commons/json-web-token/21.0.0-alpha-23/json-web-token-21.0.0-alpha-23.pom,e8ccc32335d12a71f1354be9c5472049c78d6103
org/forgerock/commons/json-web-token/3.0.2/json-web-token-3.0.2-sources.jar,d453e507689af16a46ea1b3bd7de8575e26691b1
org/forgerock/commons/launcher/1.2.0/launcher-1.2.0.jar,e842ab73e1ae982a6b8831141d5116f11d58f8bb
org/forgerock/commons/launcher/1.2.0/launcher-1.2.0.pom,63945cc2af7595b52396da8b602f60ce0093debc
org/forgerock/commons/launcher-zip/1.2.2/launcher-zip-1.2.2.pom,11e16f90cb0531c5747244cd029aab9485d473f7
org/forgerock/commons/launcher-zip/1.2.2/launcher-zip-1.2.2.zip,362712de7560ae91d485c30a1e4fd828f81d37cc
org/forgerock/commons/script-common/3.0.2/script-common-3.0.2.jar,27b1d70149feddd748a63ad30c07dd208b9d7d9c
org/forgerock/commons/script-common/3.0.2/script-common-3.0.2.pom,1b5fdcc31c75fd20e7d1e54af8ff1bee26719d7b
org/forgerock/commons/script-groovy/3.0.2/script-groovy-3.0.2.jar,e8f6f97e38b3f1f521b9d641255f5ae3f4d18b88
org/forgerock/commons/script-groovy/3.0.2/script-groovy-3.0.2.pom,f1213ed9a395bfc05aa79d59c6d1166be4ec9cd5
org/forgerock/commons/script-javascript/3.0.2/script-javascript-3.0.2.jar,7f086a8cb617e257d72d87b0b40fcd95ab501aee
org/forgerock/commons/script-javascript/3.0.2/script-javascript-3.0.2.pom,66592e38d2ffb80661624b0f0748f1e4e90e0694
org/forgerock/commons/security/21.0.0-alpha-17/security-21.0.0-alpha-17.jar,8b608cccddefb5c2c04e3a38ceaec6798e5b670c
org/forgerock/commons/security/21.0.0-alpha-17/security-21.0.0-alpha-17.pom,308af9f8ed3c62cfb6298dea5cbee5df50196abf
org/forgerock/commons/security/21.0.0-alpha-23/security-21.0.0-alpha-23.jar,e6d79d3bc06801fb6136e05f904da3dfbbaaddfe
org/forgerock/commons/security/21.0.0-alpha-23/security-21.0.0-alpha-23.pom,3b3690ba831cc4a025b99d97694810b68f6fcfd2
org/forgerock/commons/ui/libs/contentflow/1.0.2/contentflow-1.0.2-min.js,883e574dbb26657e02831ca737a535b44d580acc
org/forgerock/commons/ui/libs/contentflow/1.0.2/contentflow-1.0.2.pom,7078698057bc0122e1f1f713fb757dcad00a5ce2
org/forgerock/commons/ui/libs/d3/3.5.5/d3-3.5.5-min.js,695f674bed3f212874a794b6fecc31770d98f111
org/forgerock/commons/ui/libs/d3/3.5.5/d3-3.5.5.pom,e15e16b1fed5a426ab29846f507776b14dd2e866
org/forgerock/commons/ui/libs/dimple/2.1.2/dimple-2.1.2-min.js,97c59eb0882bb7d890b1f0e1be100e7bcc185048
org/forgerock/commons/ui/libs/dimple/2.1.2/dimple-2.1.2.pom,123bd734c6dab105924d0b5a8f14c5fb6d093ec8
org/forgerock/commons/ui/libs/dragula/3.6.7/dragula-3.6.7-min.js,5261b28dc9ba1a158ade6af366550c1ffa4000a5
org/forgerock/commons/ui/libs/dragula/3.6.7/dragula-3.6.7.pom,46a225fc8361a0e0d95e5bce991d9364e13b4f06
org/forgerock/commons/ui/libs/font-awesome/4.5.0/font-awesome-4.5.0.zip,b201b74879db4451d111c2d7851c4424fdcfc6e6
org/forgerock/commons/ui/libs/fontawesome-iconpicker/1.0.0/fontawesome-iconpicker-1.0.0-min.css,5cd5399989f216ad1e7006d8f8c2f63e5bfb4c81
org/forgerock/commons/ui/libs/fontawesome-iconpicker/1.0.0/fontawesome-iconpicker-1.0.0-min.js,f5cd6885a01e2ac8deb70f4d319dab4981a59503
org/forgerock/commons/ui/libs/fontawesome-iconpicker/1.0.0/fontawesome-iconpicker-1.0.0.pom,f901430eba4031943177a0143de460ab0bbd79c2
org/forgerock/commons/ui/libs/form2js/2.0-769718a/form2js-2.0-769718a.js,65e7c5b2aca6cdc1b95c563c9c0ce77588d90936
org/forgerock/commons/ui/libs/handlebars/4.0.5/handlebars-4.0.5.js,7e31b756a34e6b83aaa286687aacbf5973aa147a
org/forgerock/commons/ui/libs/handlebars/4.0.5/handlebars-4.0.5.pom,ee3a2a63b6d62b25d0ac34c3b587223b6954dba2
org/forgerock/commons/ui/libs/jquery-cron/r2427/jquery-cron-r2427.js,01c4d6978aa2a298f073f6f777af3cba68844989
org/forgerock/commons/ui/libs/jquery-cron/r2427/jquery-cron-r2427.pom,ecfa5c45efe22ef8741bf64d25a484e477859021
org/forgerock/commons/ui/libs/jquery-gentleSelect/0.1.3.1/jquery-gentleSelect-0.1.3.1-min.js,076ca0202b173ff1bd2ded220a8e7be4e797182f
org/forgerock/commons/ui/libs/jquery-gentleSelect/0.1.3.1/jquery-gentleSelect-0.1.3.1.pom,23e14db64f8fafc93b6bb9c499d1ab374e0b3313
org/forgerock/commons/ui/libs/jquery-ui/1.11.1/jquery-ui-1.11.1-min.js,9927afbb31df93a76977a676a933b7e3696d61ba
org/forgerock/commons/ui/libs/jquery-ui/1.11.1/jquery-ui-1.11.1.pom,56aa54c89d9ff9af5b8501a10148575db28948ab
org/forgerock/commons/ui/libs/js2form/2.0-769718a/js2form-2.0-769718a.js,ba50e7dd617d4140fc726bf811171fe90afc6816
org/forgerock/commons/ui/libs/js2form/2.0-769718a/js2form-2.0-769718a.pom,defc16049643201cfdcd1195f705bc5b8b6612c6
org/forgerock/commons/ui/libs/ldapjs-filter/2253/ldapjs-filter-2253-min.js,36b3d4999dba09341be30db5656eaf3cb2fc6a07
org/forgerock/commons/ui/libs/ldapjs-filter/2253/ldapjs-filter-2253.pom,50ca6ffe8b287c1ddea652ff1ff5e606f5b5d5a0
org/forgerock/commons/ui/libs/lodash/2.4.1/lodash-2.4.1-min.js,b6f3f357d0914141593d39842f4410f6d03d3ebf
org/forgerock/commons/ui/libs/lodash/2.4.1/lodash-2.4.1.pom,357819a919bb87902b0f0534f6bb44e8f88f9a5b
org/forgerock/commons/ui/libs/react/15.2.1/react-15.2.1-min.js,fb5f28b05620fea85160d7ca4ea2cc5a7120d41b
org/forgerock/commons/ui/libs/react/15.2.1/react-15.2.1.pom,cd4094e50eb90c2df829df16470969573fc9ee5f
org/forgerock/commons/ui/libs/react-dom/15.2.1/react-dom-15.2.1-min.js,8630477febc4782d1ebf6ad766f1071e6d663f12
org/forgerock/commons/ui/libs/react-dom/15.2.1/react-dom-15.2.1.pom,b9860cfedb71f11c668b290fed26791acca48588
org/forgerock/commons/ui/libs/text/2.0.15/text-2.0.15.js,52285315106476b3c174bcac7acd3a3fc922b700
org/forgerock/commons/ui/libs/text/2.0.15/text-2.0.15.pom,158f39acc9cbdf260585d87bf1625341463ddaed
org/forgerock/forgerock-build-tools/1.0.4/forgerock-build-tools-1.0.4.jar,6767b6baba01bbb77740342e07bddb329b622b8e
org/forgerock/forgerock-build-tools/1.0.4/forgerock-build-tools-1.0.4.pom,c102fb6ee275f9bfcc236242eb4ece3aa3bec6a4
org/forgerock/forgerock-parent/1.1.0/forgerock-parent-1.1.0.pom,24753e3274f4c93e8b335ff667b32495aac18656
org/forgerock/forgerock-parent/2.0.10/forgerock-parent-2.0.10.pom,9725c86d031aa137b83f5366f3fcf3b2d4e77752
org/forgerock/forgerock-parent/2.0.7/forgerock-parent-2.0.7.pom,f04f76ee1bbd4d23390581408c8c4a3daade7b07
org/forgerock/http/chf-client-apache-async/21.0.0-alpha-17/chf-client-apache-async-21.0.0-alpha-17.jar,d47ec41d764d7a4fc0a99c932c92e3b25cee23fb
org/forgerock/http/chf-client-apache-async/21.0.0-alpha-17/chf-client-apache-async-21.0.0-alpha-17.pom,cd4a931318812115be8daace8948bb78fb391cac
org/forgerock/http/chf-client-apache-async/21.0.0-alpha-23/chf-client-apache-async-21.0.0-alpha-23.jar,d053f69a5f1c8f7e5aec73640d2761940f56399e
org/forgerock/http/chf-client-apache-async/21.0.0-alpha-23/chf-client-apache-async-21.0.0-alpha-23.pom,847bcfcd765e8b0970d5e9cfceaa44df057645bc
org/forgerock/http/chf-client-apache-common/21.0.0-alpha-17/chf-client-apache-common-21.0.0-alpha-17.jar,af88a549ad68505aa0b3e00305ad5d4c5c7aba5a
org/forgerock/http/chf-client-apache-common/21.0.0-alpha-17/chf-client-apache-common-21.0.0-alpha-17.pom,6e2c54c33b1db14dfdd559516f07973d06a78486
org/forgerock/http/chf-client-apache-common/21.0.0-alpha-23/chf-client-apache-common-21.0.0-alpha-23.jar,079b1bacd2a6e8cc0e95226b68e67ae230dccfa4
org/forgerock/http/chf-client-apache-common/21.0.0-alpha-23/chf-client-apache-common-21.0.0-alpha-23.pom,4361517d5ca37424a8eb55c07ddc21a73cfcb561
org/forgerock/http/chf-client-apache-common/3.0.1/chf-client-apache-common-3.0.1-sources.jar,a70cdc57c539d13fc1f4438b56800866e3b866bc
org/forgerock/http/chf-client-apache-sync/3.0.1/chf-client-apache-sync-3.0.1-sources.jar,90c0189642067f5f253c0ce9af2b7f7ee3c81096
org/forgerock/http/chf-http-core/21.0.0-alpha-17/chf-http-core-21.0.0-alpha-17.jar,c06d1404fbec0e703b82d0eed00dc4e291a053f6
org/forgerock/http/chf-http-core/21.0.0-alpha-17/chf-http-core-21.0.0-alpha-17.pom,5fb753fd8872a688531b87f99611127395e2eb9b
org/forgerock/http/chf-http-core/21.0.0-alpha-23/chf-http-core-21.0.0-alpha-23.jar,bc2fb4f424d67ebadeec9ce5f81ddc6d9670ff11
org/forgerock/http/chf-http-core/21.0.0-alpha-23/chf-http-core-21.0.0-alpha-23.pom,fd8fa1cdb4a6b6143543f877cbc520eef80f9a70
org/forgerock/http/chf-http-core/3.0.1/chf-http-core-3.0.1-sources.jar,8043a9c8a2847aa1e598300009abdfe580daf070
org/forgerock/http/chf-http-grizzly/21.0.0-alpha-17/chf-http-grizzly-21.0.0-alpha-17.jar,011eac93b88e96e7ed2da4781a97a3be651f1a61
org/forgerock/http/chf-http-grizzly/21.0.0-alpha-17/chf-http-grizzly-21.0.0-alpha-17.pom,2f8169612c8a925c7393318c7b1f921781ebb7db
org/forgerock/http/chf-http-servlet/21.0.0-alpha-17/chf-http-servlet-21.0.0-alpha-17.jar,e1e5ab3c42e93217fa18a1a53dd3308912b0ad5d
org/forgerock/http/chf-http-servlet/21.0.0-alpha-17/chf-http-servlet-21.0.0-alpha-17.pom,937a72855515394de64a803eb098d922275f3245
org/forgerock/http/chf-http-servlet/21.0.0-alpha-23/chf-http-servlet-21.0.0-alpha-23.jar,6ce22db960420de5953fe15e21d5bfd182501e63
org/forgerock/http/chf-http-servlet/21.0.0-alpha-23/chf-http-servlet-21.0.0-alpha-23.pom,15f0fb29118ed8b241ac71dcba4464da8e430c37
org/forgerock/http/chf-http-servlet/3.0.1/chf-http-servlet-3.0.1-sources.jar,7616fa7a2c766fb52b3ab6a76244f0062153769c
org/forgerock/http/chf-oauth2/21.0.0-alpha-17/chf-oauth2-21.0.0-alpha-17.jar,34f1e7db37bfd8590ffff055bc6fbee1b615fca9
org/forgerock/http/chf-oauth2/21.0.0-alpha-17/chf-oauth2-21.0.0-alpha-17.pom,6b924599e44abcc09383615b29b0cc13f6294fed
org/forgerock/http/forgerock-http-framework-parent/21.0.0-alpha-17/forgerock-http-framework-parent-21.0.0-alpha-17.pom,93d12c6b2ccb6c6f437b4a95fd263f71e5f61cf3
org/forgerock/http/forgerock-http-framework-parent/21.0.0-alpha-23/forgerock-http-framework-parent-21.0.0-alpha-23.pom,4010935145b133344bd2f7632981e72dd1e80cff
org/forgerock/maven/plugins/javadoc-updater-maven-plugin/1.0.0/javadoc-updater-maven-plugin-1.0.0.jar,6dc06e335b48b06e8c3a785a1167076e84504499
org/forgerock/maven/plugins/javadoc-updater-maven-plugin/1.0.0/javadoc-updater-maven-plugin-1.0.0.pom,7802da90230dfba4f40039f68d056017e5634871
org/forgerock/openam/oauth2-core/13.0.0/oauth2-core-13.0.0-sources.jar,1a170c8894991c12852482ea01444401cca5569b
org/forgerock/openam/OpenFM/13.0.0/OpenFM-13.0.0-sources.jar,79012ff4575d83b173100711fe04438d7776f8eb
org/forgerock/opendj/opendj-ldap-sdk/2.6.10/opendj-ldap-sdk-2.6.10.jar,8d7bc3be5b37a51f4a3d5d39ed283842840c458b
org/forgerock/opendj/opendj-ldap-sdk/2.6.10/opendj-ldap-sdk-2.6.10.pom,e06bb8fdd933c85908d4407a7c5883a53bd59c5b
org/forgerock/opendj/opendj-project/2.6.10/opendj-project-2.6.10.pom,1f3565269aff7890139a2a89ed4d6f7ca7ec6eac
org/forgerock/openicf/connectors/connectors-parent/1.4.1.0/connectors-parent-1.4.1.0.pom,9c1a4f6e51431d796dc141058e6377f897ab4dda
org/forgerock/openicf/connectors/csvfile-connector/1.5.0.0/csvfile-connector-1.5.0.0.jar,2f4e449e594d8a2ba9fc6b489067e95df1c351b0
org/forgerock/openicf/connectors/csvfile-connector/1.5.0.0/csvfile-connector-1.5.0.0.pom,14d332708ae21680dc72f623dce826eaad935a08
org/forgerock/openicf/connectors/databasetable-connector/1.1.0.1/databasetable-connector-1.1.0.1.jar,a808130ce55a40710061b41334deb933b6357cf0
org/forgerock/openicf/connectors/databasetable-connector/1.1.0.1/databasetable-connector-1.1.0.1.pom,7f35935ba45fae47af679067c8f2fadf3be0b1f9
org/forgerock/openicf/connectors/groovy-connector/1.4.2.0/groovy-connector-1.4.2.0.jar,aebeec5b14f00a500db35a2f317e9ef27bde9e66
org/forgerock/openicf/connectors/groovy-connector/1.4.2.0/groovy-connector-1.4.2.0-samples.zip,117d4ee1b1c8c1add85112b8d1371ce37f1fedd1
org/forgerock/openicf/connectors/ldap-connector/1.4.1.0/ldap-connector-1.4.1.0.jar,5d76e80be1a476748ae290114648bb22ff8feed4
org/forgerock/openicf/connectors/ldap-connector/1.4.1.0/ldap-connector-1.4.1.0.pom,84e2df51a5f96f716ca6953f2ab9b8772948bab7
org/forgerock/openicf/connectors/xml-connector/1.1.0.2/xml-connector-1.1.0.2.jar,b57e0b11f13c55bb455cfbeef7a7ba85ca83876a
org/forgerock/openicf/connectors/xml-connector/1.1.0.2/xml-connector-1.1.0.2.pom,9d2589b37209bae7359a9a2fd74a9b475c31dd39
org/forgerock/openicf/framework/connector-framework/1.4.1.0/connector-framework-1.4.1.0.pom,8b332468b0e8c3041394544a1907983d60a2a661
org/forgerock/openicf/framework/connector-framework/1.5.0.0/connector-framework-1.5.0.0.jar,dd5424782439ad7ea8af4d3eff57cd536d88bd55
org/forgerock/openicf/framework/connector-framework/1.5.0.0/connector-framework-1.5.0.0.pom,ee59568775d5d5d0576e42bb16e34fae3903e5bc
org/forgerock/openicf/framework/connector-framework-internal/1.5.0.0/connector-framework-internal-1.5.0.0.jar,e0248633c0d749c4765da34cd5063c56229c23f2
org/forgerock/openicf/framework/connector-framework-internal/1.5.0.0/connector-framework-internal-1.5.0.0.pom,7a4f4a2fcbde34513e8e36f328c8f59654199f06
org/forgerock/openicf/framework/connector-framework-protobuf/1.5.0.0/connector-framework-protobuf-1.5.0.0.jar,800ab1490c4f2a9ca852bfba27199f2f73f84d81
org/forgerock/openicf/framework/connector-framework-protobuf/1.5.0.0/connector-framework-protobuf-1.5.0.0.pom,055a27b0edf0741caeaae258f9c49045499403e4
org/forgerock/openicf/framework/connector-framework-rpc/1.5.0.0/connector-framework-rpc-1.5.0.0.jar,cb2bdeed9ed538a373a6460764c56da99a6af1ec
org/forgerock/openicf/framework/connector-framework-rpc/1.5.0.0/connector-framework-rpc-1.5.0.0.pom,495d7f48092897391d8ddc344aa2bd02e3f5ad88
org/forgerock/openicf/framework/connector-framework-server/1.5.0.0/connector-framework-server-1.5.0.0.jar,f8076e0dc09a3db6b8de752c8d1691ddfddbdd72
org/forgerock/openicf/framework/connector-framework-server/1.5.0.0/connector-framework-server-1.5.0.0.pom,d6e58fbee9108ff20508b0211fe1f984c26f1c36
org/forgerock/openicf/framework/connector-test-common/1.5.0.0/connector-test-common-1.5.0.0.jar,ef8848f4695a6675cc3d21d4d2bb94bf5bf27ed5
org/forgerock/openicf/framework/connector-test-common/1.5.0.0/connector-test-common-1.5.0.0.pom,306f65a213a73c076acf38ef4a2206586fdfb6a3
org/forgerock/openicf/framework/framework/1.4.1.0/framework-1.4.1.0.pom,0c7578c270d9f17c1844b1418ffef38f24d86bdc
org/forgerock/openicf/framework/framework/1.5.0.0/framework-1.5.0.0.pom,e445388adc11b424674caa2c23e90f1bba1020da
org/forgerock/openicf/framework/icfl-over-slf4j/1.5.0.0/icfl-over-slf4j-1.5.0.0.jar,0e6e3f31a305e77456b492694ac7af455eecddfa
org/forgerock/openicf/framework/icfl-over-slf4j/1.5.0.0/icfl-over-slf4j-1.5.0.0.pom,6dcdbee8673c0ae2670a93554355e001838e1d0a
org/postgresql/postgresql-fr-osgi/9.3-1101-jdbc41/postgresql-fr-osgi-9.3-1101-jdbc41.jar,7ee7c012c57e58d89cd3cbf8fd1c67d74c3ab793
org/postgresql/postgresql-fr-osgi/9.3-1101-jdbc41/postgresql-fr-osgi-9.3-1101-jdbc41.pom,3fbbd0cff40cf33afcecc81140611204ecf0d0f8
xerces-J/xercesImpl/2.11.0/xercesImpl-2.11.0.jar,9bb329db1cfc4e22462c9d6b43a8432f5850e92c
xerces-J/xercesImpl/2.11.0/xercesImpl-2.11.0.pom,1243435dba1b230ee19c12db099ea6d8a24c58b7
xerces-J/xml-apis/2.11.0/xml-apis-2.11.0.jar,3789d9fada2d3d458c4ba2de349d48780f381ee3
xerces-J/xml-apis/2.11.0/xml-apis-2.11.0.pom,6093390d0fa09d5359e250b1171de42763e157bc
xerces-J/xml-resolver/2.11.0/xml-resolver-2.11.0.jar,3d0f97750b3a03e0971831566067754ba4bfd68c
xerces-J/xml-resolver/2.11.0/xml-resolver-2.11.0.pom,17285ba1940db14d6e0eb88aabdf6bfc0fad7cc7
xerces-J/xml-serializer/2.11.0/xml-serializer-2.11.0.jar,c8e1f1e7bf871280375b392776340e5822126e6a
xerces-J/xml-serializer/2.11.0/xml-serializer-2.11.0.pom,b32740d1f6be1db151d92728cffbc52eb770cfe4
